[{"symbolic": "g ~> (n)", "atoms": {"g": "heavy rain", "n": "puddles form"}, "sections": {"part1": "heavy rain", "part2": "(puddles form)"}, "rank": 0},
{"symbolic": "g ~> z", "atoms": {"g": "heavy rain", "z": "the ground gets soaked"}, "sections": {"part1": "heavy rain", "part2": "the ground gets soaked"}, "rank": 0},
{"symbolic": "q ~> !(n)", "atoms": {"q": "fast storm", "n": "puddles form"}, "sections": {"part1": "fast storm", "part2": "not (puddles form)"}, "rank": 1},
{"symbolic": "q ~> g", "atoms": {"q": "fast storm", "g": "heavy rain"}, "sections": {"part1": "fast storm", "part2": "heavy rain"}, "rank": 1},
{"symbolic": "t ~> q", "atoms": {"t": "strong winds", "q": "fast storm"}, "sections": {"part1": "strong winds", "part2": "fast storm"}, "rank": 1},
{"symbolic": "w ~> q", "atoms": {"w": "cold front", "q": "fast storm"}, "sections": {"part1": "cold front", "part2": "fast storm"}, "rank": 1},
{"symbolic": "q ~> aa", "atoms": {"q": "fast storm", "aa": "quick clearing"}, "sections": {"part1": "fast storm", "part2": "quick clearing"}, "rank": 1},
{"symbolic": "c ~> (n)", "atoms": {"c": "heavy rain", "n": "puddles form"}, "sections": {"part1": "heavy rain", "part2": "(puddles form)"}, "rank": 2},
{"symbolic": "c ~> q", "atoms": {"c": "heavy rain", "q": "fast storm"}, "sections": {"part1": "heavy rain", "part2": "fast storm"}, "rank": 2},
{"symbolic": "c ~> o", "atoms": {"c": "heavy rain", "o": "poor visibility"}, "sections": {"part1": "heavy rain", "part2": "poor visibility"}, "rank": 2},
{"symbolic": "y ~> c", "atoms": {"y": "storm clouds", "c": "heavy rain"}, "sections": {"part1": "storm clouds", "part2": "heavy rain"}, "rank": 2},
{"symbolic": "u ~> c", "atoms": {"u": "a cold front", "c": "heavy rain"}, "sections": {"part1": "a cold front", "part2": "heavy rain"}, "rank": 2},
{"symbolic": "a ~> c", "atoms": {"a": "dark clouds", "c": "heavy rain"}, "sections": {"part1": "dark clouds", "part2": "heavy rain"}, "rank": 2},
{"symbolic": "h ~> c", "atoms": {"h": "strong winds", "c": "heavy rain"}, "sections": {"part1": "strong winds", "part2": "heavy rain"}, "rank": 2},
{"symbolic": "d ~> !(n)", "atoms": {"d": "desert microburst", "n": "puddles form"}, "sections": {"part1": "desert microburst", "part2": "not (puddles form)"}, "rank": 3},
{"symbolic": "d ~> c", "atoms": {"d": "desert microburst", "c": "heavy rain"}, "sections": {"part1": "desert microburst", "part2": "heavy rain"}, "rank": 3},
{"symbolic": "v ~> d", "atoms": {"v": "isolated thunderstorm", "d": "desert microburst"}, "sections": {"part1": "isolated thunderstorm", "part2": "desert microburst"}, "rank": 3},
{"symbolic": "l ~> d", "atoms": {"l": "unstable air mass", "d": "desert microburst"}, "sections": {"part1": "unstable air mass", "part2": "desert microburst"}, "rank": 3},
{"symbolic": "f ~> (n)", "atoms": {"f": "heavy rain", "n": "puddles form"}, "sections": {"part1": "heavy rain", "part2": "(puddles form)"}, "rank": 4},
{"symbolic": "f ~> d", "atoms": {"f": "heavy rain", "d": "desert microburst"}, "sections": {"part1": "heavy rain", "part2": "desert microburst"}, "rank": 4},
{"symbolic": "s->m", "atoms": {"s": "sudden combustion", "m": "heat generation"}, "sections": {"part1": "sudden combustion", "part2": "heat generation"}, "rank": 5},
{"symbolic": "p->b", "atoms": {"p": "electricity cuts out", "b": "lights go off"}, "sections": {"part1": "electricity cuts out", "part2": "lights go off"}, "rank": 5},
{"symbolic": "i->s", "atoms": {"i": "ignition", "s": "sudden combustion"}, "sections": {"part1": "ignition", "part2": "sudden combustion"}, "rank": 5},
{"symbolic": "e->r", "atoms": {"e": "extreme heat", "r": "rapid evaporation"}, "sections": {"part1": "extreme heat", "part2": "rapid evaporation"}, "rank": 5},
{"symbolic": "ab->p", "atoms": {"ab": "circuit breaker trips", "p": "electricity cuts out"}, "sections": {"part1": "circuit breaker trips", "part2": "electricity cuts out"}, "rank": 5}
]