[{"sections": {"part1": "My dad needs a new job", "part2": "(Black attracts sunlight more than white)"}, "rank": 0},
{"sections": {"part1": "My dad needs a new job", "part2": "He is a smart boy"}, "rank": 0},
{"sections": {"part1": "Workers will not be empowered", "part2": "not (Black attracts sunlight more than white)"}, "rank": 1},
{"sections": {"part1": "Workers will not be empowered", "part2": "My dad needs a new job"}, "rank": 1},
{"sections": {"part1": "It’s on me", "part2": "Workers will not be empowered"}, "rank": 1},
{"sections": {"part1": "I want many things for myself", "part2": "Workers will not be empowered"}, "rank": 1},
{"sections": {"part1": "Workers will not be empowered", "part2": "You know what I mean"}, "rank": 1},
{"sections": {"part1": "Moving to the next step is daunting", "part2": "(Black attracts sunlight more than white)"}, "rank": 2},
{"sections": {"part1": "Moving to the next step is daunting", "part2": "Workers will not be empowered"}, "rank": 2},
{"sections": {"part1": "Moving to the next step is daunting", "part2": "Nothing ever really took off"}, "rank": 2},
{"sections": {"part1": "They’re as different as night and day", "part2": "Moving to the next step is daunting"}, "rank": 2},
{"sections": {"part1": "His stomach was sore from the punch", "part2": "Moving to the next step is daunting"}, "rank": 2},
{"sections": {"part1": "I do not like meat", "part2": "Moving to the next step is daunting"}, "rank": 2},
{"sections": {"part1": "I will make an observation", "part2": "Moving to the next step is daunting"}, "rank": 2},
{"sections": {"part1": "The pencil broke in the middle of my test", "part2": "not (Black attracts sunlight more than white)"}, "rank": 3},
{"sections": {"part1": "The pencil broke in the middle of my test", "part2": "Moving to the next step is daunting"}, "rank": 3},
{"sections": {"part1": "I do not like aquariums", "part2": "The pencil broke in the middle of my test"}, "rank": 3},
{"sections": {"part1": "Your car is three times as big as this one", "part2": "The pencil broke in the middle of my test"}, "rank": 3},
{"sections": {"part1": "that's not even how to kill me", "part2": "(Black attracts sunlight more than white)"}, "rank": 4},
{"sections": {"part1": "that's not even how to kill me", "part2": "The pencil broke in the middle of my test"}, "rank": 4},
{"sections": {"part1": "Corduroy and double-denim are back in", "part2": "It's hard to distinguish fake news"}, "rank": 5},
{"sections": {"part1": "I am going to make my bed first", "part2": "He’s down on his luck"}, "rank": 5},
{"sections": {"part1": "She hated iced coffee, but he loved it", "part2": "Corduroy and double-denim are back in"}, "rank": 5},
{"sections": {"part1": "You did right in me by telling the truth", "part2": "I love this headline so much"}, "rank": 5},
{"sections": {"part1": "My family just got home", "part2": "I am going to make my bed first"}, "rank": 5}
]